-- phpMyAdmin SQL Dump
-- version 5.2.1
-- https://www.phpmyadmin.net/
--
-- Host: localhost
-- Generation Time: Feb 14, 2025 at 10:55 AM
-- Server version: 10.4.28-MariaDB
-- PHP Version: 8.2.4

SET SQL_MODE = "NO_AUTO_VALUE_ON_ZERO";
START TRANSACTION;
SET time_zone = "+00:00";


/*!40101 SET @OLD_CHARACTER_SET_CLIENT=@@CHARACTER_SET_CLIENT */;
/*!40101 SET @OLD_CHARACTER_SET_RESULTS=@@CHARACTER_SET_RESULTS */;
/*!40101 SET @OLD_COLLATION_CONNECTION=@@COLLATION_CONNECTION */;
/*!40101 SET NAMES utf8mb4 */;

--
-- Database: `e_comm_db`
--

-- --------------------------------------------------------

--
-- Table structure for table `customers`
--

CREATE TABLE `customers` (
  `customer_id` int(11) NOT NULL,
  `name` varchar(100) NOT NULL,
  `email` varchar(100) NOT NULL,
  `region` varchar(50) NOT NULL,
  `signup_time` timestamp NOT NULL DEFAULT current_timestamp()
) ENGINE=InnoDB DEFAULT CHARSET=utf8mb4 COLLATE=utf8mb4_general_ci;

--
-- Dumping data for table `customers`
--

INSERT INTO `customers` (`customer_id`, `name`, `email`, `region`, `signup_time`) VALUES
(1, 'Customer 1', 'customer1@example.com', 'North', '2025-02-14 09:32:20'),
(2, 'Customer 2', 'customer2@example.com', 'South', '2025-02-14 09:32:20'),
(3, 'Customer 3', 'customer3@example.com', 'East', '2025-02-14 09:32:20'),
(4, 'Customer 4', 'customer4@example.com', 'South', '2025-02-14 09:32:20'),
(5, 'Customer 5', 'customer5@example.com', 'North', '2025-02-14 09:32:20'),
(6, 'Customer 6', 'customer6@example.com', 'South', '2025-02-14 09:32:20'),
(7, 'Customer 7', 'customer7@example.com', 'East', '2025-02-14 09:32:20'),
(8, 'Customer 8', 'customer8@example.com', 'West', '2025-02-14 09:32:20'),
(9, 'Customer 9', 'customer9@example.com', 'North', '2025-02-14 09:32:20'),
(10, 'Customer 10', 'customer10@example.com', 'West', '2025-02-14 09:32:20');

-- --------------------------------------------------------

--
-- Table structure for table `products`
--

CREATE TABLE `products` (
  `product_id` int(11) NOT NULL,
  `name` varchar(100) DEFAULT NULL,
  `category` varchar(50) DEFAULT NULL,
  `price` decimal(10,2) DEFAULT NULL,
  `stock_quantity` int(11) DEFAULT NULL
) ENGINE=InnoDB DEFAULT CHARSET=utf8mb4 COLLATE=utf8mb4_general_ci;

--
-- Dumping data for table `products`
--

INSERT INTO `products` (`product_id`, `name`, `category`, `price`, `stock_quantity`) VALUES
(1, 'Jeans', 'Clothing', 87.56, 68),
(2, 'Large pizza', 'Food', 31.29, 90),
(3, 'Jersey', 'Clothing', 92.47, 25),
(4, 'USB drive', 'Electronics', 18.36, 95),
(5, 'Pizza combo', 'Food', 83.39, 50),
(6, 'Full dress', 'Clothing', 87.56, 68),
(7, 'Sides combo', 'Food', 31.29, 93),
(8, 'Suit', 'Clothing', 92.47, 25),
(9, 'Bulbs', 'Electronics', 18.36, 95),
(10, 'Family combo', 'Food', 83.39, 50);

-- --------------------------------------------------------

--
-- Table structure for table `regions`
--

CREATE TABLE `regions` (
  `region_id` int(11) NOT NULL,
  `region_name` varchar(50) DEFAULT NULL
) ENGINE=InnoDB DEFAULT CHARSET=utf8mb4 COLLATE=utf8mb4_general_ci;

-- --------------------------------------------------------

--
-- Table structure for table `sales`
--

CREATE TABLE `sales` (
  `sale_id` int(11) NOT NULL,
  `customer_id` int(11) DEFAULT NULL,
  `product_id` int(11) DEFAULT NULL,
  `quantity` int(11) DEFAULT NULL,
  `total_amount` decimal(10,2) DEFAULT NULL,
  `sale_date` datetime DEFAULT NULL,
  `region` varchar(50) DEFAULT NULL
) ENGINE=InnoDB DEFAULT CHARSET=utf8mb4 COLLATE=utf8mb4_general_ci;

--
-- Dumping data for table `sales`
--

INSERT INTO `sales` (`sale_id`, `customer_id`, `product_id`, `quantity`, `total_amount`, `sale_date`, `region`) VALUES
(1, 1, 4, 5, 308.68, '2025-02-12 19:45:52', 'West'),
(2, 7, 3, 2, 314.87, '2025-02-10 08:15:34', 'South'),
(3, 3, 4, 5, 189.23, '2025-02-10 10:47:12', 'East'),
(4, 10, 2, 3, 452.96, '2025-02-10 12:30:45', 'North'),
(5, 5, 1, 4, 256.75, '2025-02-10 14:05:23', 'West'),
(6, 2, 5, 1, 98.54, '2025-02-10 16:28:10', 'South'),
(7, 8, 3, 2, 378.42, '2025-02-10 18:43:55', 'East'),
(8, 4, 2, 3, 415.87, '2025-02-10 20:15:29', 'North'),
(9, 1, 4, 5, 128.39, '2025-02-10 22:55:14', 'West'),
(10, 9, 1, 2, 376.54, '2025-02-11 01:10:45', 'South'),
(11, 6, 5, 3, 472.33, '2025-02-11 03:27:30', 'East'),
(12, 3, 3, 4, 159.87, '2025-02-11 05:42:18', 'North'),
(13, 10, 2, 1, 90.29, '2025-02-11 07:55:40', 'West'),
(14, 5, 4, 5, 285.75, '2025-02-11 10:15:05', 'South'),
(15, 7, 1, 2, 315.68, '2025-02-11 12:32:19', 'East'),
(16, 2, 5, 3, 198.42, '2025-02-11 14:48:52', 'North'),
(17, 8, 3, 4, 402.87, '2025-02-11 16:59:33', 'West'),
(18, 4, 2, 1, 87.29, '2025-02-11 19:15:27', 'South'),
(19, 1, 4, 5, 295.68, '2025-02-11 21:30:40', 'East'),
(20, 9, 1, 2, 399.54, '2025-02-11 23:45:50', 'North'),
(21, 6, 5, 3, 475.33, '2025-02-12 02:05:15', 'West'),
(22, 3, 3, 4, 162.87, '2025-02-12 04:22:30', 'South'),
(23, 10, 2, 1, 93.29, '2025-02-12 06:38:55', 'East'),
(24, 5, 4, 5, 289.75, '2025-02-12 08:50:42', 'North'),
(25, 7, 1, 2, 328.68, '2025-02-12 11:05:37', 'West'),
(26, 2, 5, 3, 205.42, '2025-02-12 13:20:10', 'South'),
(27, 8, 3, 4, 415.87, '2025-02-12 15:33:28', 'East'),
(28, 4, 2, 1, 95.29, '2025-02-12 17:50:40', 'North'),
(30, 5, 3, 3, 296.34, '2025-02-10 22:12:56', 'West'),
(31, 2, 5, 2, 109.00, '2025-02-11 01:10:49', 'South'),
(32, 3, 1, 8, 569.45, '2025-02-11 19:02:01', 'North'),
(33, 2, 5, 4, 242.44, '2025-02-11 00:31:39', 'South'),
(34, 4, 3, 2, 92.20, '2025-02-10 22:03:21', 'West'),
(35, 2, 3, 3, 84.44, '2025-02-11 02:25:50', 'South'),
(36, 5, 3, 2, 84.66, '2025-02-10 05:15:14', 'East'),
(37, 4, 4, 2, 163.01, '2025-02-11 01:54:20', 'South'),
(38, 3, 5, 1, 22.65, '2025-02-10 15:53:53', 'South'),
(39, 3, 2, 2, 112.93, '2025-02-10 07:23:10', 'East'),
(40, 1, 4, 2, 191.46, '2025-02-10 21:59:52', 'North'),
(41, 4, 3, 5, 433.02, '2025-02-10 00:35:31', 'South'),
(42, 3, 1, 3, 216.20, '2025-02-11 12:24:34', 'East'),
(43, 1, 4, 4, 161.65, '2025-02-10 19:29:53', 'North'),
(44, 1, 1, 2, 148.27, '2025-02-10 14:49:40', 'North'),
(45, 3, 2, 6, 377.15, '2025-02-11 04:38:49', 'East'),
(46, 2, 4, 1, 68.02, '2025-02-10 04:52:07', 'North'),
(47, 3, 3, 3, 64.65, '2025-02-10 07:59:44', 'East'),
(48, 1, 4, 6, 426.11, '2025-02-11 20:41:01', 'North'),
(49, 3, 4, 3, 198.67, '2025-02-11 04:13:51', 'South'),
(50, 3, 3, 3, 187.20, '2025-02-11 19:54:42', 'East'),
(51, 5, 3, 2, 55.30, '2025-02-11 11:02:03', 'West'),
(52, 4, 1, 4, 248.24, '2025-02-10 05:25:27', 'East'),
(53, 5, 4, 3, 92.96, '2025-02-11 02:36:11', 'East'),
(54, 4, 4, 6, 297.35, '2025-02-11 14:46:42', 'West'),
(55, 2, 3, 6, 161.93, '2025-02-11 23:02:15', 'South'),
(56, 1, 1, 4, 328.60, '2025-02-10 20:54:45', 'North'),
(57, 2, 2, 6, 204.44, '2025-02-11 23:24:11', 'South'),
(58, 4, 3, 5, 325.60, '2025-02-11 05:57:05', 'East'),
(59, 6, 3, 5, 200.31, '2025-02-11 19:37:57', 'West'),
(60, 4, 1, 3, 228.11, '2025-02-11 22:05:53', 'East'),
(61, 6, 1, 4, 148.98, '2025-02-10 19:14:56', 'West'),
(62, 5, 5, 6, 227.61, '2025-02-11 16:41:19', 'East'),
(63, 4, 5, 4, 88.45, '2025-02-11 16:31:06', 'East'),
(64, 1, 1, 4, 305.33, '2025-02-10 09:15:08', 'North'),
(65, 5, 4, 3, 177.09, '2025-02-11 20:51:31', 'West'),
(66, 4, 5, 2, 159.78, '2025-02-10 04:16:56', 'East'),
(67, 4, 2, 3, 105.68, '2025-02-10 22:31:09', 'West'),
(68, 2, 4, 3, 184.75, '2025-02-10 01:47:22', 'North'),
(69, 2, 2, 4, 180.54, '2025-02-11 07:55:44', 'South'),
(70, 5, 5, 2, 93.89, '2025-02-10 12:08:25', 'East'),
(71, 3, 2, 3, 149.48, '2025-02-10 06:27:14', 'North'),
(72, 1, 3, 4, 83.02, '2025-02-11 16:11:57', 'North'),
(73, 3, 4, 1, 24.83, '2025-02-10 21:39:27', 'East'),
(74, 4, 4, 2, 143.88, '2025-02-11 22:36:12', 'East'),
(75, 2, 4, 1, 36.44, '2025-02-10 22:39:24', 'North'),
(76, 3, 1, 6, 423.36, '2025-02-10 19:05:16', 'South'),
(77, 5, 4, 4, 313.85, '2025-02-10 07:15:20', 'West'),
(78, 3, 3, 2, 50.51, '2025-02-10 02:43:38', 'East'),
(79, 2, 1, 5, 240.53, '2025-02-10 02:38:35', 'South'),
(80, 5, 3, 3, 296.34, '2025-02-10 22:12:56', 'West'),
(81, 2, 5, 2, 109.00, '2025-02-11 01:10:49', 'South'),
(82, 3, 1, 8, 569.45, '2025-02-11 19:02:01', 'North'),
(83, 2, 5, 4, 242.44, '2025-02-11 00:31:39', 'South'),
(84, 4, 3, 2, 92.20, '2025-02-10 22:03:21', 'West'),
(85, 2, 3, 3, 84.44, '2025-02-11 02:25:50', 'South'),
(86, 5, 3, 2, 84.66, '2025-02-10 05:15:14', 'East'),
(87, 4, 4, 2, 163.01, '2025-02-11 01:54:20', 'South'),
(88, 3, 5, 1, 22.65, '2025-02-10 15:53:53', 'South'),
(89, 3, 2, 2, 112.93, '2025-02-10 07:23:10', 'East'),
(90, 1, 4, 2, 191.46, '2025-02-10 21:59:52', 'North'),
(91, 4, 3, 5, 433.02, '2025-02-10 00:35:31', 'South'),
(92, 3, 1, 3, 216.20, '2025-02-11 12:24:34', 'East'),
(93, 1, 4, 4, 161.65, '2025-02-10 19:29:53', 'North'),
(94, 1, 1, 2, 148.27, '2025-02-10 14:49:40', 'North'),
(95, 3, 2, 6, 377.15, '2025-02-11 04:38:49', 'East'),
(96, 2, 4, 1, 68.02, '2025-02-10 04:52:07', 'North'),
(97, 3, 3, 3, 64.65, '2025-02-10 07:59:44', 'East'),
(98, 1, 4, 6, 426.11, '2025-02-11 20:41:01', 'North'),
(99, 3, 4, 3, 198.67, '2025-02-11 04:13:51', 'South'),
(100, 3, 3, 3, 187.20, '2025-02-11 19:54:42', 'East'),
(101, 5, 3, 2, 55.30, '2025-02-11 11:02:03', 'West'),
(102, 4, 1, 4, 248.24, '2025-02-10 05:25:27', 'East'),
(103, 5, 4, 3, 92.96, '2025-02-11 02:36:11', 'East'),
(104, 4, 4, 6, 297.35, '2025-02-11 14:46:42', 'West'),
(105, 2, 3, 6, 161.93, '2025-02-11 23:02:15', 'South'),
(106, 1, 1, 4, 328.60, '2025-02-10 20:54:45', 'North'),
(107, 2, 2, 6, 204.44, '2025-02-11 23:24:11', 'South'),
(108, 4, 3, 5, 325.60, '2025-02-11 05:57:05', 'East'),
(109, 6, 3, 5, 200.31, '2025-02-11 19:37:57', 'West'),
(110, 4, 1, 3, 228.11, '2025-02-11 22:05:53', 'East'),
(111, 6, 1, 4, 148.98, '2025-02-10 19:14:56', 'West'),
(112, 5, 5, 6, 227.61, '2025-02-11 16:41:19', 'East'),
(113, 4, 5, 4, 88.45, '2025-02-11 16:31:06', 'East'),
(114, 1, 1, 4, 305.33, '2025-02-10 09:15:08', 'North'),
(115, 5, 4, 3, 177.09, '2025-02-11 20:51:31', 'West'),
(116, 4, 5, 2, 159.78, '2025-02-10 04:16:56', 'East'),
(117, 4, 2, 3, 105.68, '2025-02-10 22:31:09', 'West'),
(118, 2, 4, 3, 184.75, '2025-02-10 01:47:22', 'North'),
(119, 2, 2, 4, 180.54, '2025-02-11 07:55:44', 'South'),
(120, 5, 5, 2, 93.89, '2025-02-10 12:08:25', 'East'),
(121, 3, 2, 3, 149.48, '2025-02-10 06:27:14', 'North'),
(122, 1, 3, 4, 83.02, '2025-02-11 16:11:57', 'North'),
(123, 3, 4, 1, 24.83, '2025-02-10 21:39:27', 'East'),
(124, 4, 4, 2, 143.88, '2025-02-11 22:36:12', 'East'),
(125, 2, 4, 1, 36.44, '2025-02-10 22:39:24', 'North'),
(126, 3, 1, 6, 423.36, '2025-02-10 19:05:16', 'South'),
(127, 5, 4, 4, 313.85, '2025-02-10 07:15:20', 'West'),
(128, 3, 3, 2, 50.51, '2025-02-10 02:43:38', 'East'),
(129, 2, 1, 5, 240.53, '2025-02-10 02:38:35', 'South'),
(130, 3, 1, 5, 268.22, '2025-02-11 16:29:28', 'East'),
(131, 6, 5, 6, 389.98, '2025-02-10 16:17:26', 'West'),
(132, 2, 2, 3, 106.56, '2025-02-11 12:35:58', 'South'),
(133, 2, 1, 4, 188.43, '2025-02-10 22:43:36', 'North'),
(134, 3, 2, 4, 124.80, '2025-02-10 02:48:39', 'South'),
(135, 4, 3, 3, 188.46, '2025-02-10 01:09:19', 'South'),
(136, 2, 3, 1, 79.00, '2025-02-10 01:00:33', 'North'),
(137, 4, 3, 6, 247.41, '2025-02-11 04:19:31', 'East'),
(138, 5, 1, 4, 313.82, '2025-02-11 18:15:51', 'East'),
(139, 2, 1, 7, 470.89, '2025-02-11 18:59:12', 'South'),
(140, 2, 3, 4, 375.47, '2025-02-11 16:20:47', 'South'),
(141, 3, 2, 2, 144.24, '2025-02-11 07:58:43', 'East'),
(142, 3, 2, 2, 109.77, '2025-02-10 05:58:04', 'East'),
(143, 5, 3, 5, 181.73, '2025-02-10 08:19:07', 'East'),
(144, 2, 3, 3, 218.13, '2025-02-11 02:57:25', 'South'),
(145, 2, 4, 4, 276.06, '2025-02-11 17:31:52', 'North'),
(146, 4, 2, 4, 112.93, '2025-02-11 09:48:20', 'South'),
(147, 1, 4, 2, 172.20, '2025-02-10 23:56:47', 'North'),
(148, 2, 2, 3, 294.75, '2025-02-11 14:33:53', 'South'),
(149, 5, 3, 8, 204.92, '2025-02-10 01:08:03', 'West'),
(150, 2, 1, 5, 227.38, '2025-02-10 23:28:14', 'North'),
(151, 5, 1, 2, 91.95, '2025-02-11 23:42:47', 'West'),
(152, 4, 5, 5, 129.07, '2025-02-10 09:50:47', 'South'),
(153, 6, 5, 2, 105.85, '2025-02-11 23:05:05', 'West'),
(154, 5, 1, 4, 239.95, '2025-02-11 13:13:46', 'West'),
(155, 4, 5, 5, 103.11, '2025-02-11 14:30:11', 'South'),
(156, 4, 3, 5, 433.30, '2025-02-10 09:36:45', 'West'),
(157, 4, 4, 4, 147.16, '2025-02-11 15:08:05', 'South'),
(158, 1, 5, 4, 276.71, '2025-02-10 03:21:28', 'North'),
(159, 4, 5, 5, 130.70, '2025-02-10 00:37:53', 'East'),
(160, 6, 5, 1, 86.41, '2025-02-11 10:23:57', 'West'),
(161, 5, 5, 6, 137.55, '2025-02-11 15:24:33', 'West'),
(162, 3, 1, 5, 141.34, '2025-02-10 15:10:33', 'East'),
(163, 2, 1, 5, 351.74, '2025-02-10 20:57:54', 'North'),
(164, 1, 2, 3, 132.06, '2025-02-11 16:54:00', 'North'),
(165, 5, 5, 4, 122.60, '2025-02-11 01:20:23', 'East'),
(166, 3, 5, 2, 153.14, '2025-02-10 19:09:37', 'East'),
(167, 6, 5, 2, 174.49, '2025-02-11 03:44:39', 'West'),
(168, 4, 4, 3, 87.85, '2025-02-10 07:46:34', 'East'),
(169, 4, 2, 2, 142.99, '2025-02-10 02:40:15', 'West'),
(170, 3, 1, 1, 81.44, '2025-02-10 06:03:07', 'East'),
(171, 5, 3, 4, 249.15, '2025-02-10 12:43:47', 'West'),
(172, 4, 5, 2, 193.47, '2025-02-10 17:15:46', 'East'),
(173, 1, 3, 1, 33.66, '2025-02-10 17:00:28', 'North'),
(174, 4, 4, 1, 64.96, '2025-02-11 17:15:37', 'South'),
(175, 3, 4, 6, 157.18, '2025-02-10 09:49:07', 'South'),
(176, 5, 4, 5, 468.68, '2025-02-10 20:13:53', 'East'),
(177, 3, 3, 6, 434.33, '2025-02-11 09:06:28', 'East'),
(178, 3, 5, 6, 481.48, '2025-02-11 05:54:27', 'South'),
(179, 2, 1, 7, 170.03, '2025-02-10 14:38:08', 'South'),
(180, 4, 5, 4, 307.57, '2025-02-10 14:20:30', 'East'),
(181, 3, 5, 2, 99.77, '2025-02-11 18:14:57', 'East'),
(182, 4, 2, 5, 363.78, '2025-02-10 15:29:45', 'West'),
(183, 2, 1, 6, 499.39, '2025-02-11 13:28:35', 'North'),
(184, 2, 5, 5, 157.82, '2025-02-10 20:04:12', 'North'),
(185, 1, 2, 3, 121.59, '2025-02-11 03:26:25', 'North'),
(186, 3, 1, 6, 594.30, '2025-02-10 09:08:50', 'East'),
(187, 4, 3, 5, 104.72, '2025-02-11 06:28:46', 'East'),
(188, 4, 5, 5, 289.13, '2025-02-11 02:41:06', 'South'),
(189, 5, 1, 4, 111.56, '2025-02-11 03:18:51', 'West'),
(190, 6, 2, 5, 306.14, '2025-02-10 10:04:44', 'West'),
(191, 2, 3, 5, 348.11, '2025-02-10 00:27:30', 'South'),
(192, 4, 2, 2, 161.83, '2025-02-11 10:27:45', 'East'),
(193, 4, 4, 3, 166.14, '2025-02-10 23:31:40', 'South'),
(194, 6, 1, 3, 220.99, '2025-02-10 07:01:33', 'West'),
(195, 4, 4, 1, 41.83, '2025-02-11 19:20:01', 'East'),
(196, 2, 4, 4, 232.60, '2025-02-11 02:56:01', 'North'),
(197, 3, 2, 2, 47.74, '2025-02-11 04:09:04', 'East'),
(198, 3, 4, 6, 442.28, '2025-02-10 10:57:17', 'East'),
(199, 6, 1, 4, 130.41, '2025-02-11 15:41:50', 'West'),
(200, 3, 3, 2, 160.36, '2025-02-10 16:18:12', 'North'),
(201, 3, 3, 4, 125.97, '2025-02-11 15:42:00', 'North'),
(202, 4, 3, 6, 510.49, '2025-02-11 12:29:03', 'South'),
(203, 1, 3, 6, 375.26, '2025-02-10 12:07:29', 'North'),
(204, 4, 2, 1, 24.17, '2025-02-10 12:38:16', 'East'),
(205, 3, 4, 2, 66.88, '2025-02-11 20:02:10', 'South'),
(206, 2, 5, 4, 157.17, '2025-02-10 01:56:37', 'South'),
(207, 4, 4, 1, 40.04, '2025-02-11 13:46:07', 'West'),
(208, 4, 3, 7, 601.39, '2025-02-10 15:06:20', 'West'),
(209, 4, 3, 6, 367.58, '2025-02-10 16:30:34', 'West'),
(210, 5, 2, 4, 180.42, '2025-02-10 02:33:20', 'West'),
(211, 3, 5, 5, 182.41, '2025-02-10 22:08:07', 'South'),
(212, 3, 3, 6, 330.77, '2025-02-10 03:02:26', 'East'),
(213, 3, 5, 3, 251.08, '2025-02-11 13:20:30', 'East'),
(214, 5, 4, 4, 308.85, '2025-02-11 21:33:45', 'West'),
(215, 1, 5, 6, 552.18, '2025-02-10 22:10:13', 'North'),
(216, 4, 4, 5, 134.01, '2025-02-10 12:08:24', 'West'),
(217, 1, 2, 2, 73.67, '2025-02-11 09:37:26', 'North'),
(218, 6, 5, 4, 156.74, '2025-02-10 08:38:49', 'West'),
(219, 2, 3, 5, 329.01, '2025-02-11 15:07:49', 'North'),
(220, 4, 5, 6, 529.97, '2025-02-11 02:54:44', 'West'),
(221, 5, 1, 6, 198.34, '2025-02-10 09:38:28', 'East'),
(222, 5, 2, 5, 201.48, '2025-02-10 13:34:44', 'East'),
(223, 2, 4, 4, 262.45, '2025-02-10 00:59:32', 'South'),
(224, 2, 5, 4, 98.98, '2025-02-11 19:17:31', 'South'),
(225, 1, 1, 8, 642.48, '2025-02-11 12:13:27', 'North'),
(226, 4, 2, 4, 336.21, '2025-02-11 16:03:58', 'West'),
(227, 4, 3, 6, 234.36, '2025-02-10 03:00:54', 'South'),
(228, 4, 5, 1, 56.44, '2025-02-11 20:46:54', 'East'),
(229, 4, 2, 3, 65.80, '2025-02-11 20:11:48', 'South'),
(230, 1, 2, 3, 90.00, '2025-02-14 10:30:00', 'North');

--
-- Triggers `sales`
--
DELIMITER $$
CREATE TRIGGER `UpdateStockAfterSale` AFTER INSERT ON `sales` FOR EACH ROW BEGIN
    UPDATE products 
    SET stock_quantity = stock_quantity - NEW.quantity
    WHERE product_id = NEW.product_id;
END
$$
DELIMITER ;

-- --------------------------------------------------------

--
-- Stand-in structure for view `salesbyregion`
-- (See below for the actual view)
--
CREATE TABLE `salesbyregion` (
`region` varchar(50)
,`total_sales` decimal(32,2)
);

-- --------------------------------------------------------

--
-- Structure for view `salesbyregion`
--
DROP TABLE IF EXISTS `salesbyregion`;

CREATE ALGORITHM=UNDEFINED DEFINER=`root`@`localhost` SQL SECURITY DEFINER VIEW `salesbyregion`  AS SELECT `sales`.`region` AS `region`, sum(`sales`.`total_amount`) AS `total_sales` FROM `sales` GROUP BY `sales`.`region` ;

--
-- Indexes for dumped tables
--

--
-- Indexes for table `customers`
--
ALTER TABLE `customers`
  ADD PRIMARY KEY (`customer_id`),
  ADD UNIQUE KEY `customer_email` (`email`);

--
-- Indexes for table `products`
--
ALTER TABLE `products`
  ADD PRIMARY KEY (`product_id`);

--
-- Indexes for table `regions`
--
ALTER TABLE `regions`
  ADD PRIMARY KEY (`region_id`);

--
-- Indexes for table `sales`
--
ALTER TABLE `sales`
  ADD PRIMARY KEY (`sale_id`),
  ADD KEY `customer_id` (`customer_id`),
  ADD KEY `product_id` (`product_id`);

--
-- AUTO_INCREMENT for dumped tables
--

--
-- AUTO_INCREMENT for table `customers`
--
ALTER TABLE `customers`
  MODIFY `customer_id` int(11) NOT NULL AUTO_INCREMENT, AUTO_INCREMENT=11;

--
-- AUTO_INCREMENT for table `products`
--
ALTER TABLE `products`
  MODIFY `product_id` int(11) NOT NULL AUTO_INCREMENT, AUTO_INCREMENT=11;

--
-- AUTO_INCREMENT for table `regions`
--
ALTER TABLE `regions`
  MODIFY `region_id` int(11) NOT NULL AUTO_INCREMENT;

--
-- AUTO_INCREMENT for table `sales`
--
ALTER TABLE `sales`
  MODIFY `sale_id` int(11) NOT NULL AUTO_INCREMENT, AUTO_INCREMENT=231;

--
-- Constraints for dumped tables
--

--
-- Constraints for table `sales`
--
ALTER TABLE `sales`
  ADD CONSTRAINT `sales_ibfk_1` FOREIGN KEY (`customer_id`) REFERENCES `customers` (`customer_id`),
  ADD CONSTRAINT `sales_ibfk_2` FOREIGN KEY (`product_id`) REFERENCES `products` (`product_id`);
COMMIT;

/*!40101 SET CHARACTER_SET_CLIENT=@OLD_CHARACTER_SET_CLIENT */;
/*!40101 SET CHARACTER_SET_RESULTS=@OLD_CHARACTER_SET_RESULTS */;
/*!40101 SET COLLATION_CONNECTION=@OLD_COLLATION_CONNECTION */;
